Source,Target,Type,Id,Label,Weight
161797,36000,Undirected,2178,,1
161797,521221,Undirected,2179,,1
272396,38365,Undirected,2180,,1
272396,476945,Undirected,2181,,1
272396,477105,Undirected,2182,,1
272396,513227,Undirected,2183,,1
215057,38365,Undirected,2184,,1
366610,55488,Undirected,2185,,1
366610,246481,Undirected,2186,,1
366610,377917,Undirected,2187,,1
366610,470072,Undirected,2188,,1
366610,483197,Undirected,2189,,1
366610,483741,Undirected,2190,,1
399385,38365,Undirected,2191,,1
399385,175102,Undirected,2192,,1
399385,431174,Undirected,2193,,1
399385,458358,Undirected,2194,,1
516125,24139,Undirected,2195,,1
516125,62917,Undirected,2196,,1
516125,175102,Undirected,2197,,1
516125,437385,Undirected,2198,,1
380964,223526,Undirected,2199,,1
380964,264950,Undirected,2200,,1
380964,372196,Undirected,2201,,1
380964,458358,Undirected,2202,,1
159787,170649,Undirected,2203,,1
159787,222939,Undirected,2204,,1
159787,441404,Undirected,2205,,1
22571,40504,Undirected,2206,,1
22571,123777,Undirected,2207,,1
22571,458358,Undirected,2208,,1
274481,84171,Undirected,2209,,1
274481,109245,Undirected,2210,,1
274481,316571,Undirected,2211,,1
274481,382281,Undirected,2212,,1
100402,87301,Undirected,2213,,1
100402,87937,Undirected,2214,,1
100402,364334,Undirected,2215,,1
100402,378954,Undirected,2216,,1
100402,399899,Undirected,2217,,1
100402,410827,Undirected,2218,,1
100402,462362,Undirected,2219,,1
30774,350949,Undirected,2220,,1
456759,38365,Undirected,2221,,1
456759,275815,Undirected,2222,,1
456759,458358,Undirected,2223,,1
321592,262533,Undirected,2224,,1
321592,354089,Undirected,2225,,1
321592,391705,Undirected,2226,,1
321592,391825,Undirected,2227,,1
321592,431149,Undirected,2228,,1
321592,463742,Undirected,2229,,1
112698,252127,Undirected,2230,,1
112698,458358,Undirected,2231,,1
344122,175102,Undirected,2232,,1
344122,256441,Undirected,2233,,1
344122,260593,Undirected,2234,,1
344122,320058,Undirected,2235,,1
344122,439894,Undirected,2236,,1
344122,458358,Undirected,2237,,1
256059,66665,Undirected,2238,,1
256059,458358,Undirected,2239,,1
256059,473222,Undirected,2240,,1
260157,38365,Undirected,2241,,1
319549,175102,Undirected,2242,,1
163906,40504,Undirected,2243,,1
163906,107652,Undirected,2244,,1
163906,123777,Undirected,2245,,1
163906,133084,Undirected,2246,,1
163906,225232,Undirected,2247,,1
163906,458358,Undirected,2248,,1
399429,38365,Undirected,2249,,1
399429,187308,Undirected,2250,,1
67654,458358,Undirected,2251,,1
378954,40745,Undirected,2252,,1
378954,87301,Undirected,2253,,1
378954,87937,Undirected,2254,,1
378954,106099,Undirected,2255,,1
378954,230494,Undirected,2256,,1
378954,233448,Undirected,2257,,1
378954,364334,Undirected,2258,,1
378954,399899,Undirected,2259,,1
378954,410827,Undirected,2260,,1
378954,462362,Undirected,2261,,1
378954,473053,Undirected,2262,,1
22603,128754,Undirected,2263,,1
22603,161455,Undirected,2264,,1
22603,224964,Undirected,2265,,1
22603,389855,Undirected,2266,,1
215114,1302,Undirected,2267,,1
215114,420956,Undirected,2268,,1
215114,458358,Undirected,2269,,1
272464,97672,Undirected,2270,,1
272464,128754,Undirected,2271,,1
272464,161455,Undirected,2272,,1
272464,224964,Undirected,2273,,1
331866,350949,Undirected,2274,,1
528474,38365,Undirected,2275,,1
528474,426630,Undirected,2276,,1
104540,38365,Undirected,2277,,1
104540,401782,Undirected,2278,,1
98398,37981,Undirected,2279,,1
98398,38365,Undirected,2280,,1
331872,175102,Undirected,2281,,1
331872,307000,Undirected,2282,,1
331872,372584,Undirected,2283,,1
331872,418742,Undirected,2284,,1
331872,420290,Undirected,2285,,1
331872,458358,Undirected,2286,,1
512097,83246,Undirected,2287,,1
512097,123573,Undirected,2288,,1
512097,332241,Undirected,2289,,1
512097,358149,Undirected,2290,,1
512097,399102,Undirected,2291,,1
141408,51350,Undirected,2292,,1
141408,422127,Undirected,2293,,1
141408,458358,Undirected,2294,,1
452705,113064,Undirected,2295,,1
452705,458358,Undirected,2296,,1
274532,458358,Undirected,2297,,1
487525,111624,Undirected,2298,,1
487525,447440,Undirected,2299,,1
487525,458358,Undirected,2300,,1
487525,498702,Undirected,2301,,1
413798,51350,Undirected,2302,,1
413798,392722,Undirected,2303,,1
413798,420839,Undirected,2304,,1
413798,458358,Undirected,2305,,1
155749,487915,Undirected,2306,,1
317552,35910,Undirected,2307,,1
317552,38365,Undirected,2308,,1
317552,175102,Undirected,2309,,1
317552,225404,Undirected,2310,,1
317552,239205,Undirected,2311,,1
317552,397980,Undirected,2312,,1
317552,458358,Undirected,2313,,1
61552,458358,Undirected,2314,,1
493683,458358,Undirected,2315,,1
381047,1302,Undirected,2316,,1
381047,120547,Undirected,2317,,1
381047,311544,Undirected,2318,,1
381047,363028,Undirected,2319,,1
381047,392722,Undirected,2320,,1
381047,413268,Undirected,2321,,1
381047,439376,Undirected,2322,,1
381047,458358,Undirected,2323,,1
381047,468322,Undirected,2324,,1
381047,478737,Undirected,2325,,1
381047,542515,Undirected,2326,,1
458873,138688,Undirected,2327,,1
225404,38365,Undirected,2328,,1
225404,454206,Undirected,2329,,1
120958,37981,Undirected,2330,,1
120958,410151,Undirected,2331,,1
120958,413268,Undirected,2332,,1
120958,457573,Undirected,2333,,1
120958,458358,Undirected,2334,,1
145536,489457,Undirected,2335,,1
356481,279493,Undirected,2336,,1
356481,458358,Undirected,2337,,1
395395,128754,Undirected,2338,,1
368772,48190,Undirected,2339,,1
368772,72813,Undirected,2340,,1
368772,73695,Undirected,2341,,1
368772,82677,Undirected,2342,,1
368772,382420,Undirected,2343,,1
368772,441577,Undirected,2344,,1
368772,521394,Undirected,2345,,1
71814,251046,Undirected,2346,,1
176262,38365,Undirected,2347,,1
176262,75913,Undirected,2348,,1
354439,112039,Undirected,2349,,1
354439,298562,Undirected,2350,,1
354439,458358,Undirected,2351,,1
57481,13325,Undirected,2352,,1
57481,88739,Undirected,2353,,1
57481,130687,Undirected,2354,,1
57481,218109,Undirected,2355,,1
57481,335795,Undirected,2356,,1
57481,397050,Undirected,2357,,1
57481,414755,Undirected,2358,,1
57481,487146,Undirected,2359,,1
139401,146598,Undirected,2360,,1
139401,458358,Undirected,2361,,1
473222,37981,Undirected,2362,,1
473222,66004,Undirected,2363,,1
473222,95447,Undirected,2364,,1
473222,278240,Undirected,2365,,1
473222,372456,Undirected,2366,,1
473222,386439,Undirected,2367,,1
473222,410151,Undirected,2368,,1
473222,449234,Undirected,2369,,1
473222,458358,Undirected,2370,,1
446604,222074,Undirected,2371,,1
446604,249568,Undirected,2372,,1
446604,458358,Undirected,2373,,1
61581,214133,Undirected,2374,,1
61581,230841,Undirected,2375,,1
61581,247604,Undirected,2376,,1
61581,519284,Undirected,2377,,1
75913,57240,Undirected,2378,,1
75913,149824,Undirected,2379,,1
75913,443411,Undirected,2380,,1
75913,521221,Undirected,2381,,1
473233,183095,Undirected,2382,,1
61588,1842,Undirected,2383,,1
61588,48190,Undirected,2384,,1
61588,50756,Undirected,2385,,1
61588,50835,Undirected,2386,,1
61588,87226,Undirected,2387,,1
61588,159604,Undirected,2388,,1
61588,166784,Undirected,2389,,1
61588,192366,Undirected,2390,,1
61588,197303,Undirected,2391,,1
61588,230200,Undirected,2392,,1
61588,276228,Undirected,2393,,1
61588,317978,Undirected,2394,,1
61588,389484,Undirected,2395,,1
61588,445311,Undirected,2396,,1
61588,449256,Undirected,2397,,1
18580,149824,Undirected,2398,,1
18580,521221,Undirected,2399,,1
432278,183095,Undirected,2400,,1
51350,15209,Undirected,2401,,1
51350,31227,Undirected,2402,,1
51350,120451,Undirected,2403,,1
51350,123777,Undirected,2404,,1
51350,160359,Undirected,2405,,1
51350,223526,Undirected,2406,,1
51350,275218,Undirected,2407,,1
51350,301711,Undirected,2408,,1
51350,453233,Undirected,2409,,1
51350,458358,Undirected,2410,,1
51350,465049,Undirected,2411,,1
465049,15209,Undirected,2412,,1
465049,24139,Undirected,2413,,1
465049,107172,Undirected,2414,,1
465049,352582,Undirected,2415,,1
465049,458358,Undirected,2416,,1
374937,210919,Undirected,2417,,1
465050,37981,Undirected,2418,,1
465050,458358,Undirected,2419,,1
192668,30049,Undirected,2420,,1
192668,184203,Undirected,2421,,1
192668,285769,Undirected,2422,,1
192668,297964,Undirected,2423,,1
192668,328968,Undirected,2424,,1
153760,4910,Undirected,2425,,1
153760,208161,Undirected,2426,,1
153760,219358,Undirected,2427,,1
77985,50835,Undirected,2428,,1
77985,445311,Undirected,2429,,1
77985,522711,Undirected,2430,,1
4258,253667,Undirected,2431,,1
4258,366155,Undirected,2432,,1
4258,547692,Undirected,2433,,1
32931,66156,Undirected,2434,,1
32931,175102,Undirected,2435,,1
32931,420290,Undirected,2436,,1
32931,439836,Undirected,2437,,1
32931,458358,Undirected,2438,,1
198820,205901,Undirected,2439,,1
45221,38365,Undirected,2440,,1
45221,109693,Undirected,2441,,1
420006,23511,Undirected,2442,,1
420006,26025,Undirected,2443,,1
420006,68409,Undirected,2444,,1
420006,161550,Undirected,2445,,1
313505,458358,Undirected,2446,,1
340136,222939,Undirected,2447,,1
340136,312632,Undirected,2448,,1
510113,48978,Undirected,2449,,1
510113,57240,Undirected,2450,,1
510113,149824,Undirected,2451,,1
510113,521221,Undirected,2452,,1
436395,5703,Undirected,2453,,1
436395,306687,Undirected,2454,,1
436395,367598,Undirected,2455,,1
319662,458358,Undirected,2456,,1
319662,498702,Undirected,2457,,1
387247,38365,Undirected,2458,,1
387247,456575,Undirected,2459,,1
319667,458358,Undirected,2460,,1
297141,37981,Undirected,2461,,1
297141,386439,Undirected,2462,,1
297141,410151,Undirected,2463,,1
297141,458358,Undirected,2464,,1
282810,458358,Undirected,2465,,1
67770,288672,Undirected,2466,,1
67770,462312,Undirected,2467,,1
67770,462447,Undirected,2468,,1
536773,97672,Undirected,2469,,1
536773,128754,Undirected,2470,,1
536773,161455,Undirected,2471,,1
536773,222939,Undirected,2472,,1
536773,224964,Undirected,2473,,1
450758,48190,Undirected,2474,,1
450758,382420,Undirected,2475,,1
450758,521394,Undirected,2476,,1
100560,458358,Undirected,2477,,1
422099,130718,Undirected,2478,,1
422099,306602,Undirected,2479,,1
422099,309807,Undirected,2480,,1
422099,342234,Undirected,2481,,1
422099,380862,Undirected,2482,,1
422099,443151,Undirected,2483,,1
422099,491407,Undirected,2484,,1
6359,175102,Undirected,2485,,1
205016,222939,Undirected,2486,,1
149719,458358,Undirected,2487,,1
342234,50870,Undirected,2488,,1
342234,64317,Undirected,2489,,1
342234,247762,Undirected,2490,,1
342234,309807,Undirected,2491,,1
291035,38365,Undirected,2492,,1
291035,150570,Undirected,2493,,1
291035,397980,Undirected,2494,,1
291035,498702,Undirected,2495,,1
55516,215697,Undirected,2496,,1
55516,306602,Undirected,2497,,1
192732,458358,Undirected,2498,,1
219358,9338,Undirected,2499,,1
219358,56267,Undirected,2500,,1
219358,58064,Undirected,2501,,1
219358,128754,Undirected,2502,,1
219358,161443,Undirected,2503,,1
219358,205901,Undirected,2504,,1
219358,221771,Undirected,2505,,1
219358,234014,Undirected,2506,,1
219358,251046,Undirected,2507,,1
219358,281173,Undirected,2508,,1
219358,335795,Undirected,2509,,1
219358,351977,Undirected,2510,,1
219358,353053,Undirected,2511,,1
219358,382215,Undirected,2512,,1
219358,419373,Undirected,2513,,1
219358,448376,Undirected,2514,,1
219358,482279,Undirected,2515,,1
219358,511715,Undirected,2516,,1
219358,522711,Undirected,2517,,1
219358,527657,Undirected,2518,,1
252127,56709,Undirected,2519,,1
252127,440877,Undirected,2520,,1
252127,458358,Undirected,2521,,1
252127,512270,Undirected,2522,,1
280791,458358,Undirected,2523,,1
229602,298058,Undirected,2524,,1
295138,38365,Undirected,2525,,1
354533,175102,Undirected,2526,,1
354533,193522,Undirected,2527,,1
354533,462312,Undirected,2528,,1
458986,3032,Undirected,2529,,1
458986,321151,Undirected,2530,,1
458986,380862,Undirected,2531,,1
458986,470072,Undirected,2532,,1
458986,522711,Undirected,2533,,1
108782,38365,Undirected,2534,,1
422127,37981,Undirected,2535,,1
422127,54001,Undirected,2536,,1
422127,74298,Undirected,2537,,1
422127,103608,Undirected,2538,,1
422127,267899,Undirected,2539,,1
422127,397062,Undirected,2540,,1
422127,410151,Undirected,2541,,1
422127,449234,Undirected,2542,,1
422127,458358,Undirected,2543,,1
211185,130258,Undirected,2544,,1
211185,158306,Undirected,2545,,1
211185,213814,Undirected,2546,,1
211185,321151,Undirected,2547,,1
252147,58064,Undirected,2548,,1
252147,252645,Undirected,2549,,1
252147,253450,Undirected,2550,,1
252147,521221,Undirected,2551,,1
389365,429444,Undirected,2552,,1
389365,527657,Undirected,2553,,1
516344,38365,Undirected,2554,,1
516344,284646,Undirected,2555,,1
516344,292448,Undirected,2556,,1
516344,303628,Undirected,2557,,1
516344,368244,Undirected,2558,,1
30969,27965,Undirected,2559,,1
30969,277301,Undirected,2560,,1
495866,38365,Undirected,2561,,1
495866,273226,Undirected,2562,,1
55547,95281,Undirected,2563,,1
55547,175102,Undirected,2564,,1
55547,495239,Undirected,2565,,1
499964,38365,Undirected,2566,,1
499964,346747,Undirected,2567,,1
499964,458358,Undirected,2568,,1
49400,37981,Undirected,2569,,1
49400,51192,Undirected,2570,,1
49400,66665,Undirected,2571,,1
49400,145895,Undirected,2572,,1
49400,165840,Undirected,2573,,1
49400,216944,Undirected,2574,,1
49400,248679,Undirected,2575,,1
49400,252672,Undirected,2576,,1
49400,380528,Undirected,2577,,1
49400,420839,Undirected,2578,,1
49400,457098,Undirected,2579,,1
49400,458358,Undirected,2580,,1
49400,493323,Undirected,2581,,1
311544,133084,Undirected,2582,,1
311544,215500,Undirected,2583,,1
311544,454231,Undirected,2584,,1
311544,458358,Undirected,2585,,1
215294,531902,Undirected,2586,,1
196858,57240,Undirected,2587,,1
196858,521221,Undirected,2588,,1
98561,272048,Undirected,2589,,1
98561,458358,Undirected,2590,,1
499972,56709,Undirected,2591,,1
499972,66004,Undirected,2592,,1
499972,195216,Undirected,2593,,1
499972,458358,Undirected,2594,,1
344326,30049,Undirected,2595,,1
344326,145875,Undirected,2596,,1
344326,164581,Undirected,2597,,1
344326,184203,Undirected,2598,,1
358663,37981,Undirected,2599,,1
358663,410151,Undirected,2600,,1
358663,458358,Undirected,2601,,1
151815,62712,Undirected,2602,,1
151815,156600,Undirected,2603,,1
151815,253450,Undirected,2604,,1
219401,130258,Undirected,2605,,1
219401,158306,Undirected,2606,,1
219401,170872,Undirected,2607,,1
219401,210919,Undirected,2608,,1
227597,36000,Undirected,2609,,1
227597,38365,Undirected,2610,,1
227597,146598,Undirected,2611,,1
227597,164754,Undirected,2612,,1
227597,222596,Undirected,2613,,1
227597,296569,Undirected,2614,,1
227597,458358,Undirected,2615,,1
512270,38365,Undirected,2616,,1
512270,458358,Undirected,2617,,1
536849,30049,Undirected,2618,,1
194835,298058,Undirected,2619,,1
172308,458358,Undirected,2620,,1
327957,3032,Undirected,2621,,1
327957,33510,Undirected,2622,,1
327957,83246,Undirected,2623,,1
327957,115834,Undirected,2624,,1
327957,258008,Undirected,2625,,1
327957,323174,Undirected,2626,,1
139541,194330,Undirected,2627,,1
186646,194330,Undirected,2628,,1
22808,194330,Undirected,2629,,1
22808,418482,Undirected,2630,,1
20761,37316,Undirected,2631,,1
20761,47014,Undirected,2632,,1
20761,76302,Undirected,2633,,1
20761,123563,Undirected,2634,,1
20761,154417,Undirected,2635,,1
20761,234014,Undirected,2636,,1
20761,337603,Undirected,2637,,1
20761,348574,Undirected,2638,,1
20761,494258,Undirected,2639,,1
20761,532301,Undirected,2640,,1
84246,293561,Undirected,2641,,1
84246,458358,Undirected,2642,,1
147739,123573,Undirected,2643,,1
147739,306602,Undirected,2644,,1
147739,314521,Undirected,2645,,1
147739,333635,Undirected,2646,,1
147739,350949,Undirected,2647,,1
348444,66156,Undirected,2648,,1
348444,175102,Undirected,2649,,1
348444,420290,Undirected,2650,,1
348444,439836,Undirected,2651,,1
348444,458358,Undirected,2652,,1
200984,215500,Undirected,2653,,1
200984,458358,Undirected,2654,,1
502042,42628,Undirected,2655,,1
502042,76370,Undirected,2656,,1
502042,284646,Undirected,2657,,1
502042,458358,Undirected,2658,,1
223526,458358,Undirected,2659,,1
139560,450953,Undirected,2660,,1
139560,458358,Undirected,2661,,1
162090,222939,Undirected,2662,,1
162090,312632,Undirected,2663,,1
65842,13438,Undirected,2664,,1
65842,145875,Undirected,2665,,1
65842,453047,Undirected,2666,,1
16694,175102,Undirected,2667,,1
201015,458358,Undirected,2668,,1
262463,68409,Undirected,2669,,1
262463,336915,Undirected,2670,,1
155967,38365,Undirected,2671,,1
393537,458358,Undirected,2672,,1
149824,57240,Undirected,2673,,1
149824,180834,Undirected,2674,,1
149824,202176,Undirected,2675,,1
149824,300956,Undirected,2676,,1
149824,479017,Undirected,2677,,1
149824,521221,Undirected,2678,,1
35140,128754,Undirected,2679,,1
352582,175102,Undirected,2680,,1
33095,38365,Undirected,2681,,1
397641,48190,Undirected,2682,,1
397641,82677,Undirected,2683,,1
397641,441577,Undirected,2684,,1
397641,521394,Undirected,2685,,1
141645,38365,Undirected,2686,,1
141645,513227,Undirected,2687,,1
276814,66156,Undirected,2688,,1
276814,175102,Undirected,2689,,1
14671,36000,Undirected,2690,,1
14671,38365,Undirected,2691,,1
14671,146598,Undirected,2692,,1
14671,498702,Undirected,2693,,1
379216,68409,Undirected,2694,,1
379216,107872,Undirected,2695,,1
379216,406599,Undirected,2696,,1
137551,38365,Undirected,2697,,1
137551,283564,Undirected,2698,,1
192848,38365,Undirected,2699,,1
409938,386373,Undirected,2700,,1
409938,458358,Undirected,2701,,1
112981,458358,Undirected,2702,,1
504153,36000,Undirected,2703,,1
504153,38365,Undirected,2704,,1
504153,284646,Undirected,2705,,1
29024,34599,Undirected,2706,,1
29024,66156,Undirected,2707,,1
29024,238500,Undirected,2708,,1
29024,458358,Undirected,2709,,1
72033,458358,Undirected,2710,,1
217444,48978,Undirected,2711,,1
217444,450953,Undirected,2712,,1
217444,521221,Undirected,2713,,1
264556,42978,Undirected,2714,,1
264556,175102,Undirected,2715,,1
264556,275815,Undirected,2716,,1
389484,192366,Undirected,2717,,1
389484,276228,Undirected,2718,,1
389484,449256,Undirected,2719,,1
18803,24139,Undirected,2720,,1
18803,141879,Undirected,2721,,1
18803,338530,Undirected,2722,,1
18803,459438,Undirected,2723,,1
18803,475968,Undirected,2724,,1
170355,163376,Undirected,2725,,1
170355,222939,Undirected,2726,,1
170355,312632,Undirected,2727,,1
512373,154417,Undirected,2728,,1
512373,234014,Undirected,2729,,1
512373,337603,Undirected,2730,,1
401782,38365,Undirected,2731,,1
401782,476945,Undirected,2732,,1
401782,477105,Undirected,2733,,1
125302,531902,Undirected,2734,,1
536959,161443,Undirected,2735,,1
536959,242928,Undirected,2736,,1
536959,455567,Undirected,2737,,1
536959,477795,Undirected,2738,,1
536959,509343,Undirected,2739,,1
536959,511715,Undirected,2740,,1
536959,521714,Undirected,2741,,1
354687,458358,Undirected,2742,,1
262533,68409,Undirected,2743,,1
262533,109245,Undirected,2744,,1
262533,194330,Undirected,2745,,1
262533,298058,Undirected,2746,,1
262533,310932,Undirected,2747,,1
262533,385537,Undirected,2748,,1
262533,391705,Undirected,2749,,1
262533,391825,Undirected,2750,,1
262533,413480,Undirected,2751,,1
262533,418482,Undirected,2752,,1
262533,448376,Undirected,2753,,1
262533,521666,Undirected,2754,,1
262533,522711,Undirected,2755,,1
262533,527657,Undirected,2756,,1
450953,191107,Undirected,2757,,1
450953,458358,Undirected,2758,,1
237962,458358,Undirected,2759,,1
457098,37981,Undirected,2760,,1
457098,458358,Undirected,2761,,1
133515,252645,Undirected,2762,,1
364944,211669,Undirected,2763,,1
512408,38365,Undirected,2764,,1
512408,527802,Undirected,2765,,1
119194,148098,Undirected,2766,,1
119194,306602,Undirected,2767,,1
84379,37981,Undirected,2768,,1
84379,38365,Undirected,2769,,1
84379,113064,Undirected,2770,,1
483741,246481,Undirected,2771,,1
348574,37316,Undirected,2772,,1
348574,47014,Undirected,2773,,1
348574,76302,Undirected,2774,,1
348574,123563,Undirected,2775,,1
348574,234014,Undirected,2776,,1
348574,532301,Undirected,2777,,1
53661,37981,Undirected,2778,,1
53661,74298,Undirected,2779,,1
53661,267899,Undirected,2780,,1
53661,346747,Undirected,2781,,1
53661,458358,Undirected,2782,,1
280992,458358,Undirected,2783,,1
336289,38365,Undirected,2784,,1
336289,146598,Undirected,2785,,1
336289,498702,Undirected,2786,,1
309666,30049,Undirected,2787,,1
428451,117827,Undirected,2788,,1
428451,247762,Undirected,2789,,1
305572,37981,Undirected,2790,,1
305572,38365,Undirected,2791,,1
305572,113064,Undirected,2792,,1
242084,458358,Undirected,2793,,1
113064,37981,Undirected,2794,,1
113064,244441,Undirected,2795,,1
113064,248679,Undirected,2796,,1
113064,458358,Undirected,2797,,1
113064,503573,Undirected,2798,,1
27052,458358,Undirected,2799,,1
301485,399102,Undirected,2800,,1
219565,458358,Undirected,2801,,1
416175,38365,Undirected,2802,,1
416175,56709,Undirected,2803,,1
313775,215500,Undirected,2804,,1
313775,458358,Undirected,2805,,1
453047,23340,Undirected,2806,,1
453047,118000,Undirected,2807,,1
256441,260593,Undirected,2808,,1
256441,458358,Undirected,2809,,1
479673,458358,Undirected,2810,,1
117181,66156,Undirected,2811,,1
117181,175102,Undirected,2812,,1
420290,38365,Undirected,2813,,1
420290,75678,Undirected,2814,,1
420290,116673,Undirected,2815,,1
420290,147286,Undirected,2816,,1
420290,161622,Undirected,2817,,1
420290,175102,Undirected,2818,,1
420290,219106,Undirected,2819,,1
420290,372584,Undirected,2820,,1
420290,417729,Undirected,2821,,1
420290,458358,Undirected,2822,,1
420290,488075,Undirected,2823,,1
37316,47014,Undirected,2824,,1
37316,76302,Undirected,2825,,1
37316,123563,Undirected,2826,,1
37316,234014,Undirected,2827,,1
37316,532301,Undirected,2828,,1
532933,239327,Undirected,2829,,1
532933,399102,Undirected,2830,,1
231883,29923,Undirected,2831,,1
231883,35947,Undirected,2832,,1
231883,489457,Undirected,2833,,1
231883,524987,Undirected,2834,,1
477644,350949,Undirected,2835,,1
215500,348159,Undirected,2836,,1
215500,454231,Undirected,2837,,1
215500,458358,Undirected,2838,,1
332241,87226,Undirected,2839,,1
332241,127560,Undirected,2840,,1
332241,445311,Undirected,2841,,1
25042,458358,Undirected,2842,,1
145875,23340,Undirected,2843,,1
145875,221717,Undirected,2844,,1
543188,165844,Undirected,2845,,1
543188,234014,Undirected,2846,,1
66004,5626,Undirected,2847,,1
66004,458358,Undirected,2848,,1
66004,465711,Undirected,2849,,1
135638,222939,Undirected,2850,,1
522711,15715,Undirected,2851,,1
522711,58064,Undirected,2852,,1
522711,93655,Undirected,2853,,1
522711,109245,Undirected,2854,,1
522711,146679,Undirected,2855,,1
522711,158306,Undirected,2856,,1
522711,227830,Undirected,2857,,1
522711,230494,Undirected,2858,,1
522711,306687,Undirected,2859,,1
522711,321151,Undirected,2860,,1
522711,409181,Undirected,2861,,1
522711,448376,Undirected,2862,,1
522711,470072,Undirected,2863,,1
522711,497127,Undirected,2864,,1
522711,527657,Undirected,2865,,1
98776,38365,Undirected,2866,,1
496086,458358,Undirected,2867,,1
496086,533203,Undirected,2868,,1
379362,56267,Undirected,2869,,1
145895,1302,Undirected,2870,,1
145895,458358,Undirected,2871,,1
145895,468322,Undirected,2872,,1
449000,13438,Undirected,2873,,1
449000,30049,Undirected,2874,,1
449000,375914,Undirected,2875,,1
449000,433276,Undirected,2876,,1
487915,24139,Undirected,2877,,1
487915,245374,Undirected,2878,,1
487915,458481,Undirected,2879,,1
487915,498702,Undirected,2880,,1
168428,121454,Undirected,2881,,1
168428,138688,Undirected,2882,,1
92656,262757,Undirected,2883,,1
92656,338530,Undirected,2884,,1
92656,354211,Undirected,2885,,1
260593,458358,Undirected,2886,,1
227830,3032,Undirected,2887,,1
227830,15715,Undirected,2888,,1
227830,409181,Undirected,2889,,1
227830,470072,Undirected,2890,,1
92665,24139,Undirected,2891,,1
92665,62917,Undirected,2892,,1
92665,175102,Undirected,2893,,1
358906,335795,Undirected,2894,,1
31227,7153,Undirected,2895,,1
31227,87177,Undirected,2896,,1
31227,123777,Undirected,2897,,1
31227,237364,Undirected,2898,,1
31227,363028,Undirected,2899,,1
31227,458358,Undirected,2900,,1
31227,468322,Undirected,2901,,1
238077,130718,Undirected,2902,,1
238077,482960,Undirected,2903,,1
27133,525766,Undirected,2904,,1
367103,38365,Undirected,2905,,1
367103,123777,Undirected,2906,,1
367103,474192,Undirected,2907,,1
29184,175102,Undirected,2908,,1
385537,28437,Undirected,2909,,1
385537,285752,Undirected,2910,,1
385537,347105,Undirected,2911,,1
385537,474616,Undirected,2912,,1
449030,252645,Undirected,2913,,1
463367,111624,Undirected,2914,,1
463367,447440,Undirected,2915,,1
463367,458358,Undirected,2916,,1
463367,498702,Undirected,2917,,1
483848,38365,Undirected,2918,,1
483848,486191,Undirected,2919,,1
21003,141879,Undirected,2920,,1
21003,175102,Undirected,2921,,1
303628,38365,Undirected,2922,,1
303628,284646,Undirected,2923,,1
303628,397980,Undirected,2924,,1
82444,37981,Undirected,2925,,1
82444,317389,Undirected,2926,,1
82444,458358,Undirected,2927,,1
82444,472827,Undirected,2928,,1
82444,498702,Undirected,2929,,1
76302,123563,Undirected,2930,,1
76302,234014,Undirected,2931,,1
129553,56709,Undirected,2932,,1
129553,458358,Undirected,2933,,1
363028,458358,Undirected,2934,,1
221717,253667,Undirected,2935,,1
391705,107872,Undirected,2936,,1
391705,213707,Undirected,2937,,1
391705,310932,Undirected,2938,,1
391705,312823,Undirected,2939,,1
391705,391825,Undirected,2940,,1
391705,409277,Undirected,2941,,1
317978,50756,Undirected,2942,,1
317978,159604,Undirected,2943,,1
317978,197303,Undirected,2944,,1
317978,445311,Undirected,2945,,1
399899,364334,Undirected,2946,,1
234014,47014,Undirected,2947,,1
234014,123563,Undirected,2948,,1
234014,154417,Undirected,2949,,1
234014,165844,Undirected,2950,,1
234014,337603,Undirected,2951,,1
234014,357174,Undirected,2952,,1
234014,470207,Undirected,2953,,1
234014,494258,Undirected,2954,,1
234014,532301,Undirected,2955,,1
145957,56267,Undirected,2956,,1
145957,164649,Undirected,2957,,1
520741,1886,Undirected,2958,,1
520741,306602,Undirected,2959,,1
520741,323174,Undirected,2960,,1
410151,37981,Undirected,2961,,1
410151,164441,Undirected,2962,,1
410151,244441,Undirected,2963,,1
410151,386439,Undirected,2964,,1
410151,457573,Undirected,2965,,1
410151,458358,Undirected,2966,,1
410151,491463,Undirected,2967,,1
125480,1843,Undirected,2968,,1
125480,175102,Undirected,2969,,1
242216,138602,Undirected,2970,,1
242216,236501,Undirected,2971,,1
242216,458358,Undirected,2972,,1
541228,239327,Undirected,2973,,1
541228,306602,Undirected,2974,,1
440877,38365,Undirected,2975,,1
440877,307811,Undirected,2976,,1
131630,222939,Undirected,2977,,1
309807,64317,Undirected,2978,,1
344621,48190,Undirected,2979,,1
344621,441577,Undirected,2980,,1
274995,38365,Undirected,2981,,1
274995,166875,Undirected,2982,,1
274995,439836,Undirected,2983,,1
274995,486500,Undirected,2984,,1
274995,493107,Undirected,2985,,1
141879,38087,Undirected,2986,,1
141879,119903,Undirected,2987,,1
141879,375495,Undirected,2988,,1
80440,114330,Undirected,2989,,1
80440,458358,Undirected,2990,,1
109114,30049,Undirected,2991,,1
320058,175102,Undirected,2992,,1
320058,458358,Undirected,2993,,1
320058,462312,Undirected,2994,,1
74298,37981,Undirected,2995,,1
74298,458358,Undirected,2996,,1
303680,38365,Undirected,2997,,1
365123,56709,Undirected,2998,,1
365123,458358,Undirected,2999,,1
127560,52740,Undirected,3000,,1
127560,239327,Undirected,3001,,1
127560,343075,Undirected,3002,,1
127560,445311,Undirected,3003,,1
334410,68409,Undirected,3004,,1
221771,74444,Undirected,3005,,1
221771,482279,Undirected,3006,,1
221771,509343,Undirected,3007,,1
221771,521714,Undirected,3008,,1
25166,482279,Undirected,3009,,1
262736,84933,Undirected,3010,,1
262736,183095,Undirected,3011,,1
199250,6059,Undirected,3012,,1
199250,230494,Undirected,3013,,1
199250,541654,Undirected,3014,,1
350802,78862,Undirected,3015,,1
350802,210425,Undirected,3016,,1
350802,222939,Undirected,3017,,1
180819,161622,Undirected,3018,,1
180819,175102,Undirected,3019,,1
180819,193522,Undirected,3020,,1
281173,93655,Undirected,3021,,1
281173,335795,Undirected,3022,,1
281173,382215,Undirected,3023,,1
76370,426630,Undirected,3024,,1
76370,458358,Undirected,3025,,1
164441,37981,Undirected,3026,,1
164441,458358,Undirected,3027,,1
164441,491463,Undirected,3028,,1
148058,458358,Undirected,3029,,1
158306,70937,Undirected,3030,,1
158306,130258,Undirected,3031,,1
158306,151058,Undirected,3032,,1
158306,210919,Undirected,3033,,1
158306,213814,Undirected,3034,,1
158306,321151,Undirected,3035,,1
477795,242928,Undirected,3036,,1
477795,351977,Undirected,3037,,1
477795,386696,Undirected,3038,,1
477795,418567,Undirected,3039,,1
475747,130718,Undirected,3040,,1
262757,87301,Undirected,3041,,1
262757,109245,Undirected,3042,,1
262757,146598,Undirected,3043,,1
262757,399062,Undirected,3044,,1
262757,448376,Undirected,3045,,1
307811,38365,Undirected,3046,,1
160359,60229,Undirected,3047,,1
160359,175102,Undirected,3048,,1
180834,38365,Undirected,3049,,1
180834,57240,Undirected,3050,,1
180834,146598,Undirected,3051,,1
180834,521221,Undirected,3052,,1
66156,34599,Undirected,3053,,1
66156,173288,Undirected,3054,,1
66156,175102,Undirected,3055,,1
66156,214595,Undirected,3056,,1
66156,417729,Undirected,3057,,1
66156,458358,Undirected,3058,,1
66156,473053,Undirected,3059,,1
66156,488075,Undirected,3060,,1
121454,5625,Undirected,3061,,1
121454,21582,Undirected,3062,,1
121454,72378,Undirected,3063,,1
121454,138688,Undirected,3064,,1
121454,320149,Undirected,3065,,1
121454,359378,Undirected,3066,,1
121454,425605,Undirected,3067,,1
121454,531315,Undirected,3068,,1
316015,38365,Undirected,3069,,1
453233,458358,Undirected,3070,,1
475764,38365,Undirected,3071,,1
475764,56709,Undirected,3072,,1
475764,458358,Undirected,3073,,1
332405,458358,Undirected,3074,,1
135801,30049,Undirected,3075,,1
135801,184203,Undirected,3076,,1
135801,285769,Undirected,3077,,1
135801,297964,Undirected,3078,,1
459387,38365,Undirected,3079,,1
459387,187930,Undirected,3080,,1
346747,271279,Undirected,3081,,1
346747,458358,Undirected,3082,,1
348159,458358,Undirected,3083,,1
148098,33510,Undirected,3084,,1
148098,306602,Undirected,3085,,1
148098,323174,Undirected,3086,,1
148098,333635,Undirected,3087,,1
191107,521221,Undirected,3088,,1
191107,529935,Undirected,3089,,1
426630,216944,Undirected,3090,,1
426630,286363,Undirected,3091,,1
426630,458358,Undirected,3092,,1
426630,498702,Undirected,3093,,1
426630,509376,Undirected,3094,,1
488075,38365,Undirected,3095,,1
488075,372584,Undirected,3096,,1
266894,521221,Undirected,3097,,1
309903,235204,Undirected,3098,,1
309903,252645,Undirected,3099,,1
301711,391039,Undirected,3100,,1
301711,458358,Undirected,3101,,1
195216,87177,Undirected,3102,,1
195216,458358,Undirected,3103,,1
391825,375928,Undirected,3104,,1
391825,431149,Undirected,3105,,1
215697,50870,Undirected,3106,,1
215697,130718,Undirected,3107,,1
215697,399102,Undirected,3108,,1
53907,298058,Undirected,3109,,1
320149,21582,Undirected,3110,,1
320149,72378,Undirected,3111,,1
320149,138688,Undirected,3112,,1
320149,425605,Undirected,3113,,1
522902,37981,Undirected,3114,,1
522902,413268,Undirected,3115,,1
522902,458358,Undirected,3116,,1
434840,175102,Undirected,3117,,1
434840,193522,Undirected,3118,,1
170649,76884,Undirected,3119,,1
170649,101539,Undirected,3120,,1
170649,171597,Undirected,3121,,1
170649,222939,Undirected,3122,,1
170649,396040,Undirected,3123,,1
268953,38365,Undirected,3124,,1
184987,38365,Undirected,3125,,1
184987,498702,Undirected,3126,,1
293532,30049,Undirected,3127,,1
293532,110214,Undirected,3128,,1
397980,38365,Undirected,3129,,1
397980,150570,Undirected,3130,,1
397980,417518,Undirected,3131,,1
397980,454206,Undirected,3132,,1
88739,130687,Undirected,3133,,1
88739,335795,Undirected,3134,,1
88739,414755,Undirected,3135,,1
486056,1843,Undirected,3136,,1
486056,175102,Undirected,3137,,1
486056,458358,Undirected,3138,,1
123563,47014,Undirected,3139,,1
123563,337603,Undirected,3140,,1
123563,494258,Undirected,3141,,1
123563,532301,Undirected,3142,,1
459438,527802,Undirected,3143,,1
27310,222074,Undirected,3144,,1
27310,458358,Undirected,3145,,1
254639,458358,Undirected,3146,,1
195249,24045,Undirected,3147,,1
195249,374569,Undirected,3148,,1
494258,47014,Undirected,3149,,1
215730,48770,Undirected,3150,,1
215730,521666,Undirected,3151,,1
123573,56949,Undirected,3152,,1
123573,258008,Undirected,3153,,1
123573,306602,Undirected,3154,,1
123573,399102,Undirected,3155,,1
123573,448301,Undirected,3156,,1
123573,495305,Undirected,3157,,1
123573,504782,Undirected,3158,,1
123573,523701,Undirected,3159,,1
98996,30049,Undirected,3160,,1
197303,50756,Undirected,3161,,1
197303,87226,Undirected,3162,,1
197303,159604,Undirected,3163,,1
197303,230200,Undirected,3164,,1
197303,445311,Undirected,3165,,1
64181,108525,Undirected,3166,,1
64181,458358,Undirected,3167,,1
293561,458358,Undirected,3168,,1
72378,5092,Undirected,3169,,1
72378,5625,Undirected,3170,,1
72378,21582,Undirected,3171,,1
72378,138688,Undirected,3172,,1
72378,218210,Undirected,3173,,1
72378,359378,Undirected,3174,,1
72378,425605,Undirected,3175,,1
72378,531315,Undirected,3176,,1
524987,29923,Undirected,3177,,1
524987,35947,Undirected,3178,,1
524987,118368,Undirected,3179,,1
524987,125649,Undirected,3180,,1
524987,298749,Undirected,3181,,1
524987,335717,Undirected,3182,,1
524987,489457,Undirected,3183,,1
524987,510993,Undirected,3184,,1
109245,230494,Undirected,3185,,1
109245,306687,Undirected,3186,,1
109245,448376,Undirected,3187,,1
109245,527657,Undirected,3188,,1
395965,38365,Undirected,3189,,1
522942,34599,Undirected,3190,,1
522942,458358,Undirected,3191,,1
522942,462632,Undirected,3192,,1
328387,117827,Undirected,3193,,1
328387,159343,Undirected,3194,,1
328387,306602,Undirected,3195,,1
279236,75678,Undirected,3196,,1
279236,222074,Undirected,3197,,1
279236,458358,Undirected,3198,,1
279236,498702,Undirected,3199,,1
189126,38365,Undirected,3200,,1
189126,298562,Undirected,3201,,1
189126,458358,Undirected,3202,,1
531142,38365,Undirected,3203,,1
531142,175102,Undirected,3204,,1
531142,458358,Undirected,3205,,1
375495,175102,Undirected,3206,,1
96969,38365,Undirected,3207,,1
96969,458358,Undirected,3208,,1
332486,460709,Undirected,3209,,1
332486,473835,Undirected,3210,,1
332486,521221,Undirected,3211,,1
213707,409277,Undirected,3212,,1
74444,400348,Undirected,3213,,1
58064,13438,Undirected,3214,,1
58064,24139,Undirected,3215,,1
58064,448376,Undirected,3216,,1
58064,527657,Undirected,3217,,1
125649,335717,Undirected,3218,,1
125649,489457,Undirected,3219,,1
449234,37981,Undirected,3220,,1
449234,264950,Undirected,3221,,1
449234,289794,Undirected,3222,,1
449234,290770,Undirected,3223,,1
449234,372196,Undirected,3224,,1
449234,458358,Undirected,3225,,1
533203,458358,Undirected,3226,,1
211669,24139,Undirected,3227,,1
211669,302579,Undirected,3228,,1
211669,390903,Undirected,3229,,1
211669,498702,Undirected,3230,,1
449238,306602,Undirected,3231,,1
449238,323174,Undirected,3232,,1
449238,399102,Undirected,3233,,1
244441,37981,Undirected,3234,,1
244441,458358,Undirected,3235,,1
152287,13438,Undirected,3236,,1
152287,252943,Undirected,3237,,1
389855,128754,Undirected,3238,,1
389855,161455,Undirected,3239,,1
350949,3032,Undirected,3240,,1
350949,27965,Undirected,3241,,1
350949,50756,Undirected,3242,,1
350949,83246,Undirected,3243,,1
350949,115834,Undirected,3244,,1
350949,239327,Undirected,3245,,1
350949,314521,Undirected,3246,,1
350949,332832,Undirected,3247,,1
350949,333635,Undirected,3248,,1
350949,358149,Undirected,3249,,1
350949,399102,Undirected,3250,,1
350949,482960,Undirected,3251,,1
350949,495305,Undirected,3252,,1
361190,251046,Undirected,3253,,1
252645,7242,Undirected,3254,,1
252645,45013,Undirected,3255,,1
252645,89646,Undirected,3256,,1
252645,164649,Undirected,3257,,1
252645,171466,Undirected,3258,,1
252645,202176,Undirected,3259,,1
252645,216448,Undirected,3260,,1
252645,235204,Undirected,3261,,1
252645,417058,Undirected,3262,,1
449256,48190,Undirected,3263,,1
449256,50835,Undirected,3264,,1
449256,87226,Undirected,3265,,1
449256,445311,Undirected,3266,,1
33510,306602,Undirected,3267,,1
33510,314521,Undirected,3268,,1
33510,323174,Undirected,3269,,1
33510,399102,Undirected,3270,,1
33510,448301,Undirected,3271,,1
164581,17358,Undirected,3272,,1
164581,30049,Undirected,3273,,1
164581,110214,Undirected,3274,,1
164581,118000,Undirected,3275,,1
164581,167496,Undirected,3276,,1
518887,38365,Undirected,3277,,1
518887,123777,Undirected,3278,,1
518887,349978,Undirected,3279,,1
496364,335717,Undirected,3280,,1
496364,489457,Undirected,3281,,1
492269,38365,Undirected,3282,,1
492269,462312,Undirected,3283,,1
492269,493107,Undirected,3284,,1
492269,498702,Undirected,3285,,1
236270,458358,Undirected,3286,,1
477926,458358,Undirected,3287,,1
473835,282163,Undirected,3288,,1
473835,460709,Undirected,3289,,1
473835,472271,Undirected,3290,,1
473835,521221,Undirected,3291,,1
54001,37981,Undirected,3292,,1
54001,458358,Undirected,3293,,1
82677,48190,Undirected,3294,,1
82677,441577,Undirected,3295,,1
264950,458358,Undirected,3296,,1
516857,222939,Undirected,3297,,1
516857,312632,Undirected,3298,,1
436988,458358,Undirected,3299,,1
334590,458358,Undirected,3300,,1
150271,386723,Undirected,3301,,1
150271,458358,Undirected,3302,,1
150271,498702,Undirected,3303,,1
285440,214319,Undirected,3304,,1
285440,399102,Undirected,3305,,1
267009,128754,Undirected,3306,,1
252672,38365,Undirected,3307,,1
252672,329659,Undirected,3308,,1
252672,372353,Undirected,3309,,1
252672,458358,Undirected,3310,,1
340738,521221,Undirected,3311,,1
199428,431174,Undirected,3312,,1
199428,458358,Undirected,3313,,1
23302,68409,Undirected,3314,,1
23302,456480,Undirected,3315,,1
23302,490271,Undirected,3316,,1
418567,242928,Undirected,3317,,1
418567,351977,Undirected,3318,,1
396040,101539,Undirected,3319,,1
396040,222939,Undirected,3320,,1
396040,441404,Undirected,3321,,1
776,38365,Undirected,3322,,1
15117,419373,Undirected,3323,,1
443151,277301,Undirected,3324,,1
275218,15209,Undirected,3325,,1
275218,38365,Undirected,3326,,1
277276,76884,Undirected,3327,,1
277276,101539,Undirected,3328,,1
277276,222939,Undirected,3329,,1
277276,441404,Undirected,3330,,1
353053,335795,Undirected,3331,,1
434974,38365,Undirected,3332,,1
434974,146598,Undirected,3333,,1
434974,187308,Undirected,3334,,1
490271,68409,Undirected,3335,,1
490271,456480,Undirected,3336,,1
164649,7242,Undirected,3337,,1
164649,156600,Undirected,3338,,1
164649,253450,Undirected,3339,,1
164649,399284,Undirected,3340,,1
23340,13438,Undirected,3341,,1
23340,452564,Undirected,3342,,1
295725,161443,Undirected,3343,,1
486191,38365,Undirected,3344,,1
486191,472453,Undirected,3345,,1
486191,493107,Undirected,3346,,1
377648,38365,Undirected,3347,,1
377648,284646,Undirected,3348,,1
154417,47014,Undirected,3349,,1
154417,337603,Undirected,3350,,1
465711,458358,Undirected,3351,,1
439091,138688,Undirected,3352,,1
277301,27965,Undirected,3353,,1
213814,130258,Undirected,3354,,1
213814,151058,Undirected,3355,,1
213814,210919,Undirected,3356,,1
213814,321151,Undirected,3357,,1
213814,497127,Undirected,3358,,1
183095,24139,Undirected,3359,,1
183095,84933,Undirected,3360,,1
183095,148471,Undirected,3361,,1
183095,267474,Undirected,3362,,1
183095,336915,Undirected,3363,,1
68409,48770,Undirected,3364,,1
68409,107872,Undirected,3365,,1
68409,161550,Undirected,3366,,1
68409,166987,Undirected,3367,,1
68409,255144,Undirected,3368,,1
68409,255905,Undirected,3369,,1
68409,281725,Undirected,3370,,1
68409,299962,Undirected,3371,,1
68409,310932,Undirected,3372,,1
68409,370160,Undirected,3373,,1
68409,406599,Undirected,3374,,1
68409,456480,Undirected,3375,,1
68409,521666,Undirected,3376,,1
56118,30049,Undirected,3377,,1
25402,38365,Undirected,3378,,1
25402,236501,Undirected,3379,,1
25402,458358,Undirected,3380,,1
88885,38365,Undirected,3381,,1
88885,458358,Undirected,3382,,1
88885,475968,Undirected,3383,,1
64317,36279,Undirected,3384,,1
64317,113815,Undirected,3385,,1
64317,247762,Undirected,3386,,1
80701,1843,Undirected,3387,,1
80701,458358,Undirected,3388,,1
230200,159604,Undirected,3389,,1
230200,166784,Undirected,3390,,1
475968,95281,Undirected,3391,,1
475968,279493,Undirected,3392,,1
475968,316487,Undirected,3393,,1
475968,415102,Undirected,3394,,1
475968,442091,Undirected,3395,,1
475968,458358,Undirected,3396,,1
60229,87329,Undirected,3397,,1
60229,95637,Undirected,3398,,1
60229,175102,Undirected,3399,,1
60229,458358,Undirected,3400,,1
273226,38365,Undirected,3401,,1
486223,3032,Undirected,3402,,1
486223,44601,Undirected,3403,,1
486223,258008,Undirected,3404,,1
486223,390310,Undirected,3405,,1
412508,38365,Undirected,3406,,1
15201,175102,Undirected,3407,,1
15201,462312,Undirected,3408,,1
457573,37981,Undirected,3409,,1
457573,413268,Undirected,3410,,1
457573,458358,Undirected,3411,,1
457573,491463,Undirected,3412,,1
222054,222939,Undirected,3413,,1
248679,458358,Undirected,3414,,1
547692,115629,Undirected,3415,,1
547692,253667,Undirected,3416,,1
547692,366155,Undirected,3417,,1
531315,5625,Undirected,3418,,1
531315,9822,Undirected,3419,,1
531315,11806,Undirected,3420,,1
531315,138688,Undirected,3421,,1
531315,425605,Undirected,3422,,1
222074,290770,Undirected,3423,,1
222074,340880,Undirected,3424,,1
222074,361509,Undirected,3425,,1
222074,414989,Undirected,3426,,1
222074,458358,Undirected,3427,,1
445311,1842,Undirected,3428,,1
445311,48190,Undirected,3429,,1
445311,50756,Undirected,3430,,1
445311,50835,Undirected,3431,,1
445311,87226,Undirected,3432,,1
445311,159604,Undirected,3433,,1
123777,7153,Undirected,3434,,1
123777,40504,Undirected,3435,,1
123777,136549,Undirected,3436,,1
123777,225232,Undirected,3437,,1
123777,237364,Undirected,3438,,1
123777,392722,Undirected,3439,,1
123777,458358,Undirected,3440,,1
506759,136126,Undirected,3441,,1
506759,458358,Undirected,3442,,1
371598,458358,Undirected,3443,,1
455567,161443,Undirected,3444,,1
455567,224443,Undirected,3445,,1
455567,242928,Undirected,3446,,1
455567,351977,Undirected,3447,,1
455567,511715,Undirected,3448,,1
340880,175102,Undirected,3449,,1
164754,38365,Undirected,3450,,1
312211,220714,Undirected,3451,,1
312211,230494,Undirected,3452,,1
312211,285615,Undirected,3453,,1
312211,509665,Undirected,3454,,1
396179,175102,Undirected,3455,,1
396179,431174,Undirected,3456,,1
396179,458358,Undirected,3457,,1
396179,498702,Undirected,3458,,1
471961,175102,Undirected,3459,,1
410522,431174,Undirected,3460,,1
410522,458358,Undirected,3461,,1
297888,130718,Undirected,3462,,1
238500,1302,Undirected,3463,,1
238500,107652,Undirected,3464,,1
238500,214595,Undirected,3465,,1
238500,420956,Undirected,3466,,1
238500,458358,Undirected,3467,,1
238500,499463,Undirected,3468,,1
146343,38365,Undirected,3469,,1
146343,175102,Undirected,3470,,1
146343,458358,Undirected,3471,,1
541607,214595,Undirected,3472,,1
541607,458358,Undirected,3473,,1
541607,498702,Undirected,3474,,1
187308,36000,Undirected,3475,,1
187308,38365,Undirected,3476,,1
187308,146598,Undirected,3477,,1
115629,253667,Undirected,3478,,1
115629,366155,Undirected,3479,,1
283564,175102,Undirected,3480,,1
283564,458358,Undirected,3481,,1
285615,220714,Undirected,3482,,1
285615,509665,Undirected,3483,,1
271279,37981,Undirected,3484,,1
271279,458358,Undirected,3485,,1
453549,386723,Undirected,3486,,1
453549,458358,Undirected,3487,,1
418742,175102,Undirected,3488,,1
418742,307000,Undirected,3489,,1
156600,38365,Undirected,3490,,1
156600,57240,Undirected,3491,,1
156600,521221,Undirected,3492,,1
136126,458358,Undirected,3493,,1
84933,107872,Undirected,3494,,1
279493,95281,Undirected,3495,,1
279493,120547,Undirected,3496,,1
279493,458358,Undirected,3497,,1
134087,458358,Undirected,3498,,1
39878,87226,Undirected,3499,,1
504782,56949,Undirected,3500,,1
504782,284519,Undirected,3501,,1
504782,306602,Undirected,3502,,1
504782,460081,Undirected,3503,,1
17358,30049,Undirected,3504,,1
447440,38365,Undirected,3505,,1
447440,136549,Undirected,3506,,1
447440,462312,Undirected,3507,,1
359378,138688,Undirected,3508,,1
359378,425605,Undirected,3509,,1
492499,175102,Undirected,3510,,1
236501,38365,Undirected,3511,,1
236501,214179,Undirected,3512,,1
236501,248938,Undirected,3513,,1
236501,458358,Undirected,3514,,1
236501,483327,Undirected,3515,,1
236501,505717,Undirected,3516,,1
23511,161550,Undirected,3517,,1
23511,166987,Undirected,3518,,1
23511,521666,Undirected,3519,,1
3032,15715,Undirected,3520,,1
3032,27965,Undirected,3521,,1
3032,229263,Undirected,3522,,1
3032,306602,Undirected,3523,,1
3032,374569,Undirected,3524,,1
3032,380862,Undirected,3525,,1
3032,399102,Undirected,3526,,1
3032,518048,Undirected,3527,,1
3032,539801,Undirected,3528,,1
166875,38365,Undirected,3529,,1
166875,439836,Undirected,3530,,1
166875,472453,Undirected,3531,,1
400348,482279,Undirected,3532,,1
99292,30049,Undirected,3533,,1
347105,28437,Undirected,3534,,1
347105,285752,Undirected,3535,,1
347105,310932,Undirected,3536,,1
347105,312823,Undirected,3537,,1
347105,474616,Undirected,3538,,1
5092,138688,Undirected,3539,,1
5092,243601,Undirected,3540,,1
482279,9338,Undirected,3541,,1
482279,335795,Undirected,3542,,1
420839,392722,Undirected,3543,,1
420839,458358,Undirected,3544,,1
541675,458358,Undirected,3545,,1
297964,30049,Undirected,3546,,1
297964,184203,Undirected,3547,,1
297964,285769,Undirected,3548,,1
297964,328968,Undirected,3549,,1
68588,458358,Undirected,3550,,1
7153,458358,Undirected,3551,,1
193522,48994,Undirected,3552,,1
193522,146598,Undirected,3553,,1
193522,175102,Undirected,3554,,1
193522,458358,Undirected,3555,,1
308220,19975,Undirected,3556,,1
308220,494809,Undirected,3557,,1
218109,130687,Undirected,3558,,1
218109,335795,Undirected,3559,,1
218109,414755,Undirected,3560,,1
175102,24139,Undirected,3561,,1
175102,35845,Undirected,3562,,1
175102,42567,Undirected,3563,,1
175102,44125,Undirected,3564,,1
175102,44453,Undirected,3565,,1
175102,67463,Undirected,3566,,1
175102,87329,Undirected,3567,,1
175102,138602,Undirected,3568,,1
175102,150570,Undirected,3569,,1
175102,161622,Undirected,3570,,1
175102,184268,Undirected,3571,,1
175102,186299,Undirected,3572,,1
175102,187930,Undirected,3573,,1
175102,189858,Undirected,3574,,1
175102,190368,Undirected,3575,,1
175102,198487,Undirected,3576,,1
175102,206285,Undirected,3577,,1
175102,214179,Undirected,3578,,1
175102,219106,Undirected,3579,,1
175102,234657,Undirected,3580,,1
175102,235237,Undirected,3581,,1
175102,261552,Undirected,3582,,1
175102,265746,Undirected,3583,,1
175102,275577,Undirected,3584,,1
175102,296569,Undirected,3585,,1
175102,298562,Undirected,3586,,1
175102,347772,Undirected,3587,,1
175102,368255,Undirected,3588,,1
175102,370488,Undirected,3589,,1
175102,372584,Undirected,3590,,1
175102,384659,Undirected,3591,,1
175102,396395,Undirected,3592,,1
175102,414989,Undirected,3593,,1
175102,417518,Undirected,3594,,1
175102,419280,Undirected,3595,,1
175102,420938,Undirected,3596,,1
175102,421466,Undirected,3597,,1
175102,431448,Undirected,3598,,1
175102,431827,Undirected,3599,,1
175102,439894,Undirected,3600,,1
175102,443649,Undirected,3601,,1
175102,445816,Undirected,3602,,1
175102,458358,Undirected,3603,,1
175102,462312,Undirected,3604,,1
175102,462447,Undirected,3605,,1
175102,462632,Undirected,3606,,1
175102,478737,Undirected,3607,,1
175102,493107,Undirected,3608,,1
175102,495239,Undirected,3609,,1
175102,498702,Undirected,3610,,1
175102,499014,Undirected,3611,,1
175102,511430,Undirected,3612,,1
175102,525469,Undirected,3613,,1
289794,458358,Undirected,3614,,1
400387,36000,Undirected,3615,,1
400387,38365,Undirected,3616,,1
68611,458358,Undirected,3617,,1
521221,32352,Undirected,3618,,1
521221,48893,Undirected,3619,,1
521221,48978,Undirected,3620,,1
521221,57240,Undirected,3621,,1
521221,62696,Undirected,3622,,1
521221,105661,Undirected,3623,,1
521221,118070,Undirected,3624,,1
521221,120495,Undirected,3625,,1
521221,122548,Undirected,3626,,1
521221,137015,Undirected,3627,,1
521221,177553,Undirected,3628,,1
521221,202176,Undirected,3629,,1
521221,253450,Undirected,3630,,1
521221,282163,Undirected,3631,,1
521221,298970,Undirected,3632,,1
521221,349978,Undirected,3633,,1
521221,353877,Undirected,3634,,1
521221,417058,Undirected,3635,,1
521221,443411,Undirected,3636,,1
521221,446241,Undirected,3637,,1
521221,460709,Undirected,3638,,1
521221,472271,Undirected,3639,,1
521221,479017,Undirected,3640,,1
521221,524284,Undirected,3641,,1
521221,529935,Undirected,3642,,1
521221,538551,Undirected,3643,,1
35845,439836,Undirected,3644,,1
35845,493107,Undirected,3645,,1
111624,38365,Undirected,3646,,1
111624,108525,Undirected,3647,,1
111624,204773,Undirected,3648,,1
111624,458358,Undirected,3649,,1
111624,498702,Undirected,3650,,1
13325,130687,Undirected,3651,,1
13325,335795,Undirected,3652,,1
13325,414755,Undirected,3653,,1
345102,138688,Undirected,3654,,1
78862,222939,Undirected,3655,,1
252943,230682,Undirected,3656,,1
510993,118368,Undirected,3657,,1
510993,489457,Undirected,3658,,1
498702,34599,Undirected,3659,,1
498702,35910,Undirected,3660,,1
498702,38365,Undirected,3661,,1
498702,40504,Undirected,3662,,1
498702,44453,Undirected,3663,,1
498702,50279,Undirected,3664,,1
498702,116673,Undirected,3665,,1
498702,147286,Undirected,3666,,1
498702,150570,Undirected,3667,,1
498702,176009,Undirected,3668,,1
498702,204773,Undirected,3669,,1
498702,214179,Undirected,3670,,1
498702,219106,Undirected,3671,,1
498702,225232,Undirected,3672,,1
498702,247755,Undirected,3673,,1
498702,298032,Undirected,3674,,1
498702,302950,Undirected,3675,,1
498702,304468,Undirected,3676,,1
498702,361509,Undirected,3677,,1
498702,370488,Undirected,3678,,1
498702,386723,Undirected,3679,,1
498702,402912,Undirected,3680,,1
498702,431174,Undirected,3681,,1
498702,431827,Undirected,3682,,1
498702,439836,Undirected,3683,,1
498702,458358,Undirected,3684,,1
498702,497048,Undirected,3685,,1
498702,509376,Undirected,3686,,1
336915,267474,Undirected,3687,,1
408589,458358,Undirected,3688,,1
408589,491463,Undirected,3689,,1
379934,128754,Undirected,3690,,1
379934,224443,Undirected,3691,,1
332832,482960,Undirected,3692,,1
414755,130687,Undirected,3693,,1
414755,335795,Undirected,3694,,1
496676,120495,Undirected,3695,,1
496676,146598,Undirected,3696,,1
496676,458358,Undirected,3697,,1
496676,491463,Undirected,3698,,1
361509,458358,Undirected,3699,,1
343075,239327,Undirected,3700,,1
271399,36000,Undirected,3701,,1
271399,38365,Undirected,3702,,1
324648,253667,Undirected,3703,,1
150570,38365,Undirected,3704,,1
396332,48190,Undirected,3705,,1
396332,441577,Undirected,3706,,1
298032,284646,Undirected,3707,,1
298032,458358,Undirected,3708,,1
95281,38365,Undirected,3709,,1
70708,38365,Undirected,3710,,1
377909,35947,Undirected,3711,,1
377909,489457,Undirected,3712,,1
365621,37981,Undirected,3713,,1
365621,317389,Undirected,3714,,1
365621,341435,Undirected,3715,,1
365621,413268,Undirected,3716,,1
365621,458358,Undirected,3717,,1
365621,472827,Undirected,3718,,1
365621,491463,Undirected,3719,,1
470072,15715,Undirected,3720,,1
470072,321151,Undirected,3721,,1
470072,409181,Undirected,3722,,1
285752,28437,Undirected,3723,,1
285752,312823,Undirected,3724,,1
285752,474616,Undirected,3725,,1
113722,458358,Undirected,3726,,1
441404,76884,Undirected,3727,,1
441404,101539,Undirected,3728,,1
441404,163376,Undirected,3729,,1
441404,171597,Undirected,3730,,1
441404,222939,Undirected,3731,,1
441404,224964,Undirected,3732,,1
441404,312632,Undirected,3733,,1
441404,509665,Undirected,3734,,1
48190,50835,Undirected,3735,,1
48190,72813,Undirected,3736,,1
48190,73695,Undirected,3737,,1
48190,308943,Undirected,3738,,1
48190,382420,Undirected,3739,,1
48190,441577,Undirected,3740,,1
48190,521394,Undirected,3741,,1
117827,159343,Undirected,3742,,1
117827,306602,Undirected,3743,,1
35910,38365,Undirected,3744,,1
406599,107872,Undirected,3745,,1
406599,161550,Undirected,3746,,1
406599,166987,Undirected,3747,,1
406599,370160,Undirected,3748,,1
431174,38365,Undirected,3749,,1
431174,214179,Undirected,3750,,1
431174,458358,Undirected,3751,,1
285769,30049,Undirected,3752,,1
298058,474616,Undirected,3753,,1
166987,48770,Undirected,3754,,1
420938,36000,Undirected,3755,,1
420938,146598,Undirected,3756,,1
205901,119903,Undirected,3757,,1
21582,138688,Undirected,3758,,1
21582,425605,Undirected,3759,,1
316487,458358,Undirected,3760,,1
474192,38365,Undirected,3761,,1
439376,458358,Undirected,3762,,1
7242,171466,Undirected,3763,,1
7242,417058,Undirected,3764,,1
76884,85742,Undirected,3765,,1
76884,97672,Undirected,3766,,1
76884,101539,Undirected,3767,,1
76884,171597,Undirected,3768,,1
76884,222939,Undirected,3769,,1
76884,447863,Undirected,3770,,1
76884,460690,Undirected,3771,,1
420956,458358,Undirected,3772,,1
44125,95447,Undirected,3773,,1
44125,187930,Undirected,3774,,1
230494,448376,Undirected,3775,,1
230494,527657,Undirected,3776,,1
37981,8069,Undirected,3777,,1
37981,155388,Undirected,3778,,1
37981,186325,Undirected,3779,,1
37981,196107,Undirected,3780,,1
37981,216944,Undirected,3781,,1
37981,237364,Undirected,3782,,1
37981,247755,Undirected,3783,,1
37981,267899,Undirected,3784,,1
37981,317389,Undirected,3785,,1
37981,341435,Undirected,3786,,1
37981,357778,Undirected,3787,,1
37981,386439,Undirected,3788,,1
37981,392722,Undirected,3789,,1
37981,397062,Undirected,3790,,1
37981,413268,Undirected,3791,,1
37981,430059,Undirected,3792,,1
37981,458358,Undirected,3793,,1
37981,472827,Undirected,3794,,1
37981,491463,Undirected,3795,,1
37981,503573,Undirected,3796,,1
37981,513563,Undirected,3797,,1
37981,542515,Undirected,3798,,1
218210,117993,Undirected,3799,,1
218210,138688,Undirected,3800,,1
486500,38365,Undirected,3801,,1
486500,235237,Undirected,3802,,1
50279,307000,Undirected,3803,,1
50279,458358,Undirected,3804,,1
66665,458358,Undirected,3805,,1
35947,29923,Undirected,3806,,1
35947,489457,Undirected,3807,,1
248938,239205,Undirected,3808,,1
248938,462447,Undirected,3809,,1
72813,382420,Undirected,3810,,1
72813,521394,Undirected,3811,,1
519284,51099,Undirected,3812,,1
519284,214133,Undirected,3813,,1
519284,230841,Undirected,3814,,1
214133,51099,Undirected,3815,,1
214133,230841,Undirected,3816,,1
214133,247604,Undirected,3817,,1
214133,448376,Undirected,3818,,1
214133,509665,Undirected,3819,,1
9338,335795,Undirected,3820,,1
115834,27965,Undirected,3821,,1
115834,83246,Undirected,3822,,1
281725,161550,Undirected,3823,,1
13438,30049,Undirected,3824,,1
13438,230682,Undirected,3825,,1
13438,253667,Undirected,3826,,1
13438,448376,Undirected,3827,,1
109693,38365,Undirected,3828,,1
107652,458358,Undirected,3829,,1
87177,458358,Undirected,3830,,1
87177,491463,Undirected,3831,,1
472206,458358,Undirected,3832,,1
113815,128754,Undirected,3833,,1
539801,44601,Undirected,3834,,1
539801,258008,Undirected,3835,,1
539801,390310,Undirected,3836,,1
314521,333635,Undirected,3837,,1
314521,495305,Undirected,3838,,1
525469,38365,Undirected,3839,,1
525469,458358,Undirected,3840,,1
36000,38365,Undirected,3841,,1
36000,137015,Undirected,3842,,1
36000,146598,Undirected,3843,,1
36000,261552,Undirected,3844,,1
36000,296569,Undirected,3845,,1
36000,370488,Undirected,3846,,1
36000,531902,Undirected,3847,,1
234657,458358,Undirected,3848,,1
101539,97672,Undirected,3849,,1
101539,161330,Undirected,3850,,1
101539,222939,Undirected,3851,,1
101539,447863,Undirected,3852,,1
101539,460690,Undirected,3853,,1
214179,430059,Undirected,3854,,1
214179,431827,Undirected,3855,,1
214179,458358,Undirected,3856,,1
146598,38365,Undirected,3857,,1
146598,87329,Undirected,3858,,1
146598,148659,Undirected,3859,,1
146598,296569,Undirected,3860,,1
146598,472453,Undirected,3861,,1
146598,530116,Undirected,3862,,1
119977,9666,Undirected,3863,,1
119977,38365,Undirected,3864,,1
119977,458358,Undirected,3865,,1
85166,419373,Undirected,3866,,1
484530,306602,Undirected,3867,,1
484530,323174,Undirected,3868,,1
148659,458358,Undirected,3869,,1
521394,73695,Undirected,3870,,1
521394,308943,Undirected,3871,,1
521394,441577,Undirected,3872,,1
103608,458358,Undirected,3873,,1
210105,210425,Undirected,3874,,1
210105,222939,Undirected,3875,,1
87226,1842,Undirected,3876,,1
87226,50835,Undirected,3877,,1
87226,159604,Undirected,3878,,1
224443,128754,Undirected,3879,,1
505017,38365,Undirected,3880,,1
306365,186299,Undirected,3881,,1
306365,458358,Undirected,3882,,1
306365,499014,Undirected,3883,,1
105661,417058,Undirected,3884,,1
279749,458358,Undirected,3885,,1
38087,38365,Undirected,3886,,1
38087,458358,Undirected,3887,,1
410827,87301,Undirected,3888,,1
410827,87937,Undirected,3889,,1
410827,106099,Undirected,3890,,1
410827,364334,Undirected,3891,,1
410827,462362,Undirected,3892,,1
513227,38365,Undirected,3893,,1
472271,118070,Undirected,3894,,1
472271,282163,Undirected,3895,,1
472271,460709,Undirected,3896,,1
130258,151058,Undirected,3897,,1
130258,210919,Undirected,3898,,1
130258,321151,Undirected,3899,,1
130258,497127,Undirected,3900,,1
95447,458358,Undirected,3901,,1
494809,19975,Undirected,3902,,1
494809,24139,Undirected,3903,,1
494809,458358,Undirected,3904,,1
224482,458358,Undirected,3905,,1
29923,298749,Undirected,3906,,1
29923,335717,Undirected,3907,,1
29923,489457,Undirected,3908,,1
525539,458358,Undirected,3909,,1
414949,24139,Undirected,3910,,1
414949,56709,Undirected,3911,,1
173288,48994,Undirected,3912,,1
173288,284646,Undirected,3913,,1
173288,458358,Undirected,3914,,1
117993,138688,Undirected,3915,,1
62696,253450,Undirected,3916,,1
441577,73695,Undirected,3917,,1
441577,382420,Undirected,3918,,1
115948,138688,Undirected,3919,,1
242928,161443,Undirected,3920,,1
242928,386696,Undirected,3921,,1
242928,511715,Undirected,3922,,1
118000,30049,Undirected,3923,,1
118000,167496,Undirected,3924,,1
146679,138688,Undirected,3925,,1
146679,222939,Undirected,3926,,1
146679,489457,Undirected,3927,,1
242936,56709,Undirected,3928,,1
242936,458358,Undirected,3929,,1
62712,253450,Undirected,3930,,1
62712,321177,Undirected,3931,,1
62712,349978,Undirected,3932,,1
29946,30049,Undirected,3933,,1
509179,458358,Undirected,3934,,1
242944,38365,Undirected,3935,,1
443649,1843,Undirected,3936,,1
443649,458358,Undirected,3937,,1
140548,399102,Undirected,3938,,1
87301,364334,Undirected,3939,,1
382215,335795,Undirected,3940,,1
328968,30049,Undirected,3941,,1
68875,413480,Undirected,3942,,1
414989,419280,Undirected,3943,,1
414989,511430,Undirected,3944,,1
7439,306602,Undirected,3945,,1
7439,323174,Undirected,3946,,1
7439,448301,Undirected,3947,,1
1302,174073,Undirected,3948,,1
1302,458358,Undirected,3949,,1
1302,491463,Undirected,3950,,1
70937,151058,Undirected,3951,,1
259354,38365,Undirected,3952,,1
87329,38365,Undirected,3953,,1
87329,431827,Undirected,3954,,1
427302,458358,Undirected,3955,,1
425255,458358,Undirected,3956,,1
527657,306687,Undirected,3957,,1
527657,429444,Undirected,3958,,1
527657,448376,Undirected,3959,,1
527657,525766,Undirected,3960,,1
521515,335795,Undirected,3961,,1
83246,323174,Undirected,3962,,1
214319,399102,Undirected,3963,,1
460081,130718,Undirected,3964,,1
97585,38365,Undirected,3965,,1
50481,458358,Undirected,3966,,1
312632,163376,Undirected,3967,,1
312632,222939,Undirected,3968,,1
312632,509665,Undirected,3969,,1
107833,458358,Undirected,3970,,1
27965,159472,Undirected,3971,,1
27965,306602,Undirected,3972,,1
27965,378184,Undirected,3973,,1
27965,518048,Undirected,3974,,1
382273,38365,Undirected,3975,,1
376133,351977,Undirected,3976,,1
499014,458358,Undirected,3977,,1
386373,1843,Undirected,3978,,1
386373,290770,Undirected,3979,,1
386373,425649,Undirected,3980,,1
386373,458358,Undirected,3981,,1
386373,505717,Undirected,3982,,1
277843,128754,Undirected,3983,,1
277843,163376,Undirected,3984,,1
277843,222939,Undirected,3985,,1
277843,253571,Undirected,3986,,1
277843,509665,Undirected,3987,,1
304468,386723,Undirected,3988,,1
304468,458358,Undirected,3989,,1
431448,38365,Undirected,3990,,1
431448,284646,Undirected,3991,,1
431448,458358,Undirected,3992,,1
134493,222939,Undirected,3993,,1
382302,458358,Undirected,3994,,1
107872,161550,Undirected,3995,,1
107872,255905,Undirected,3996,,1
107872,521666,Undirected,3997,,1
30049,110214,Undirected,3998,,1
30049,167496,Undirected,3999,,1
30049,184203,Undirected,4000,,1
30049,339452,Undirected,4001,,1
30049,391047,Undirected,4002,,1
30049,417535,Undirected,4003,,1
30049,431967,Undirected,4004,,1
468322,458358,Undirected,4005,,1
15715,380862,Undirected,4006,,1
136549,458358,Undirected,4007,,1
275815,458358,Undirected,4008,,1
138602,458358,Undirected,4009,,1
105837,458358,Undirected,4010,,1
310639,458358,Undirected,4011,,1
447863,222939,Undirected,4012,,1
216440,38365,Undirected,4013,,1
445816,458358,Undirected,4014,,1
445816,530116,Undirected,4015,,1
478588,458358,Undirected,4016,,1
415102,458358,Undirected,4017,,1
216448,171466,Undirected,4018,,1
429444,525766,Undirected,4019,,1
222596,38365,Undirected,4020,,1
472453,38365,Undirected,4021,,1
472453,57240,Undirected,4022,,1
56709,16222,Undirected,4023,,1
56709,458358,Undirected,4024,,1
97672,85742,Undirected,4025,,1
97672,128754,Undirected,4026,,1
97672,161330,Undirected,4027,,1
97672,161455,Undirected,4028,,1
97672,222939,Undirected,4029,,1
386439,357778,Undirected,4030,,1
386439,458358,Undirected,4031,,1
7566,38365,Undirected,4032,,1
7566,458358,Undirected,4033,,1
357778,458358,Undirected,4034,,1
95637,112039,Undirected,4035,,1
95637,458358,Undirected,4036,,1
497048,24139,Undirected,4037,,1
497048,302579,Undirected,4038,,1
509343,497454,Undirected,4039,,1
509343,521714,Undirected,4040,,1
495007,38365,Undirected,4041,,1
189858,458358,Undirected,4042,,1
210342,462447,Undirected,4043,,1
112039,38365,Undirected,4044,,1
112039,298562,Undirected,4045,,1
112039,458358,Undirected,4046,,1
26025,161550,Undirected,4047,,1
26025,521666,Undirected,4048,,1
306602,1886,Undirected,4049,,1
306602,50870,Undirected,4050,,1
306602,56949,Undirected,4051,,1
306602,284519,Undirected,4052,,1
306602,323174,Undirected,4053,,1
306602,399102,Undirected,4054,,1
306602,448301,Undirected,4055,,1
306602,495305,Undirected,4056,,1
306602,518048,Undirected,4057,,1
306602,523701,Undirected,4058,,1
398765,458358,Undirected,4059,,1
290224,38365,Undirected,4060,,1
290224,458358,Undirected,4061,,1
261552,458358,Undirected,4062,,1
523701,323174,Undirected,4063,,1
523701,399102,Undirected,4064,,1
523701,448301,Undirected,4065,,1
36279,128754,Undirected,4066,,1
230841,51099,Undirected,4067,,1
230841,247604,Undirected,4068,,1
527802,38365,Undirected,4069,,1
341435,458358,Undirected,4070,,1
341435,491463,Undirected,4071,,1
531902,24139,Undirected,4072,,1
531902,100320,Undirected,4073,,1
531902,268147,Undirected,4074,,1
531902,487031,Undirected,4075,,1
138688,5625,Undirected,4076,,1
138688,11806,Undirected,4077,,1
138688,243601,Undirected,4078,,1
138688,425605,Undirected,4079,,1
509376,38365,Undirected,4080,,1
9666,458358,Undirected,4081,,1
337348,419280,Undirected,4082,,1
337348,458358,Undirected,4083,,1
511430,419280,Undirected,4084,,1
200136,458358,Undirected,4085,,1
202176,48978,Undirected,4086,,1
202176,57240,Undirected,4087,,1
302539,458358,Undirected,4088,,1
398805,458358,Undirected,4089,,1
398805,462312,Undirected,4090,,1
93655,335795,Undirected,4091,,1
38365,24139,Undirected,4092,,1
38365,42567,Undirected,4093,,1
38365,69304,Undirected,4094,,1
38365,77779,Undirected,4095,,1
38365,87982,Undirected,4096,,1
38365,100209,Undirected,4097,,1
38365,175936,Undirected,4098,,1
38365,176009,Undirected,4099,,1
38365,184268,Undirected,4100,,1
38365,196446,Undirected,4101,,1
38365,204403,Undirected,4102,,1
38365,239205,Undirected,4103,,1
38365,249793,Undirected,4104,,1
38365,253450,Undirected,4105,,1
38365,284646,Undirected,4106,,1
38365,286363,Undirected,4107,,1
38365,290561,Undirected,4108,,1
38365,292448,Undirected,4109,,1
38365,300956,Undirected,4110,,1
38365,302950,Undirected,4111,,1
38365,310993,Undirected,4112,,1
38365,321352,Undirected,4113,,1
38365,325210,Undirected,4114,,1
38365,329196,Undirected,4115,,1
38365,329659,Undirected,4116,,1
38365,354211,Undirected,4117,,1
38365,364095,Undirected,4118,,1
38365,368244,Undirected,4119,,1
38365,372353,Undirected,4120,,1
38365,402912,Undirected,4121,,1
38365,417518,Undirected,4122,,1
38365,417729,Undirected,4123,,1
38365,431827,Undirected,4124,,1
38365,439836,Undirected,4125,,1
38365,456575,Undirected,4126,,1
38365,458358,Undirected,4127,,1
38365,462312,Undirected,4128,,1
38365,476945,Undirected,4129,,1
38365,477105,Undirected,4130,,1
38365,503573,Undirected,4131,,1
38365,505717,Undirected,4132,,1
38365,542515,Undirected,4133,,1
402912,462312,Undirected,4134,,1
402912,493107,Undirected,4135,,1
15843,458358,Undirected,4136,,1
372196,458358,Undirected,4137,,1
497127,210919,Undirected,4138,,1
462312,288672,Undirected,4139,,1
462312,384659,Undirected,4140,,1
462312,421466,Undirected,4141,,1
462312,439894,Undirected,4142,,1
462312,458358,Undirected,4143,,1
462312,462447,Undirected,4144,,1
462312,505717,Undirected,4145,,1
329196,458358,Undirected,4146,,1
24045,374569,Undirected,4147,,1
521714,351977,Undirected,4148,,1
521714,509665,Undirected,4149,,1
312823,474616,Undirected,4150,,1
5625,425605,Undirected,4151,,1
210425,222939,Undirected,4152,,1
5626,458358,Undirected,4153,,1
306687,448376,Undirected,4154,,1
253450,57240,Undirected,4155,,1
253450,399284,Undirected,4156,,1
196107,458358,Undirected,4157,,1
151058,210919,Undirected,4158,,1
151058,513839,Undirected,4159,,1
265746,284646,Undirected,4160,,1
392722,458358,Undirected,4161,,1
462362,364334,Undirected,4162,,1
187930,458358,Undirected,4163,,1
439836,176009,Undirected,4164,,1
439836,190368,Undirected,4165,,1
439836,458358,Undirected,4166,,1
439836,493107,Undirected,4167,,1
513563,458358,Undirected,4168,,1
11806,9822,Undirected,4169,,1
220714,509665,Undirected,4170,,1
419373,14278,Undirected,4171,,1
245294,458358,Undirected,4172,,1
163376,222939,Undirected,4173,,1
163376,509665,Undirected,4174,,1
161330,85742,Undirected,4175,,1
161330,222939,Undirected,4176,,1
493107,190368,Undirected,4177,,1
40504,104217,Undirected,4178,,1
40504,444231,Undirected,4179,,1
40504,458358,Undirected,4180,,1
454206,284646,Undirected,4181,,1
454206,458358,Undirected,4182,,1
298562,42978,Undirected,4183,,1
298562,458358,Undirected,4184,,1
214595,34599,Undirected,4185,,1
214595,458358,Undirected,4186,,1
50756,159604,Undirected,4187,,1
50756,358149,Undirected,4188,,1
24139,430059,Undirected,4189,,1
24139,458358,Undirected,4190,,1
24139,462447,Undirected,4191,,1
366155,253667,Undirected,4192,,1
171597,222939,Undirected,4193,,1
413268,186325,Undirected,4194,,1
413268,458358,Undirected,4195,,1
413268,491463,Undirected,4196,,1
413268,493323,Undirected,4197,,1
439894,458358,Undirected,4198,,1
454231,458358,Undirected,4199,,1
409181,229263,Undirected,4200,,1
409181,321151,Undirected,4201,,1
409181,380862,Undirected,4202,,1
9822,518048,Undirected,4203,,1
118368,489457,Undirected,4204,,1
292448,458358,Undirected,4205,,1
337508,108525,Undirected,4206,,1
337508,204773,Undirected,4207,,1
337508,458358,Undirected,4208,,1
239205,284646,Undirected,4209,,1
323174,1886,Undirected,4210,,1
323174,448301,Undirected,4211,,1
462447,307000,Undirected,4212,,1
462447,458358,Undirected,4213,,1
159343,130718,Undirected,4214,,1
380528,458358,Undirected,4215,,1
204403,458358,Undirected,4216,,1
458358,1843,Undirected,4217,,1
458358,8069,Undirected,4218,,1
458358,16222,Undirected,4219,,1
458358,18390,Undirected,4220,,1
458358,32577,Undirected,4221,,1
458358,34599,Undirected,4222,,1
458358,42628,Undirected,4223,,1
458358,42978,Undirected,4224,,1
458358,48994,Undirected,4225,,1
458358,51192,Undirected,4226,,1
458358,57240,Undirected,4227,,1
458358,75678,Undirected,4228,,1
458358,77779,Undirected,4229,,1
458358,104217,Undirected,4230,,1
458358,108525,Undirected,4231,,1
458358,114330,Undirected,4232,,1
458358,116673,Undirected,4233,,1
458358,120451,Undirected,4234,,1
458358,120547,Undirected,4235,,1
458358,133084,Undirected,4236,,1
458358,147286,Undirected,4237,,1
458358,155388,Undirected,4238,,1
458358,165840,Undirected,4239,,1
458358,174073,Undirected,4240,,1
458358,176009,Undirected,4241,,1
458358,184268,Undirected,4242,,1
458358,186299,Undirected,4243,,1
458358,186325,Undirected,4244,,1
458358,204773,Undirected,4245,,1
458358,208786,Undirected,4246,,1
458358,216944,Undirected,4247,,1
458358,225232,Undirected,4248,,1
458358,237364,Undirected,4249,,1
458358,247755,Undirected,4250,,1
458358,249568,Undirected,4251,,1
458358,262091,Undirected,4252,,1
458358,267899,Undirected,4253,,1
458358,271022,Undirected,4254,,1
458358,272048,Undirected,4255,,1
458358,278240,Undirected,4256,,1
458358,284646,Undirected,4257,,1
458358,288672,Undirected,4258,,1
458358,290770,Undirected,4259,,1
458358,310993,Undirected,4260,,1
458358,317389,Undirected,4261,,1
458358,321177,Undirected,4262,,1
458358,358247,Undirected,4263,,1
458358,368244,Undirected,4264,,1
458358,372456,Undirected,4265,,1
458358,386723,Undirected,4266,,1
458358,391039,Undirected,4267,,1
458358,397062,Undirected,4268,,1
458358,407550,Undirected,4269,,1
458358,417518,Undirected,4270,,1
458358,419466,Undirected,4271,,1
458358,425649,Undirected,4272,,1
458358,430059,Undirected,4273,,1
458358,442091,Undirected,4274,,1
458358,444212,Undirected,4275,,1
458358,444231,Undirected,4276,,1
458358,454454,Undirected,4277,,1
458358,472827,Undirected,4278,,1
458358,483327,Undirected,4279,,1
458358,491463,Undirected,4280,,1
458358,493323,Undirected,4281,,1
458358,499463,Undirected,4282,,1
458358,528189,Undirected,4283,,1
458358,530116,Undirected,4284,,1
458358,542515,Undirected,4285,,1
321151,210919,Undirected,4286,,1
130687,335795,Undirected,4287,,1
130687,397050,Undirected,4288,,1
130687,487146,Undirected,4289,,1
253571,128754,Undirected,4290,,1
386696,351977,Undirected,4291,,1
50835,1842,Undirected,4292,,1
310932,89969,Undirected,4293,,1
130718,50870,Undirected,4294,,1
130718,229263,Undirected,4295,,1
130718,247762,Undirected,4296,,1
130718,380862,Undirected,4297,,1
130718,491407,Undirected,4298,,1
161443,511715,Undirected,4299,,1
161455,128754,Undirected,4300,,1
161455,224964,Undirected,4301,,1
425649,1843,Undirected,4302,,1
425649,165840,Undirected,4303,,1
120495,57240,Undirected,4304,,1
120495,530116,Undirected,4305,,1
122548,298970,Undirected,4306,,1
50870,229263,Undirected,4307,,1
50870,247762,Undirected,4308,,1
50870,380862,Undirected,4309,,1
50870,491407,Undirected,4310,,1
337603,47014,Undirected,4311,,1
337603,532301,Undirected,4312,,1
224964,128754,Undirected,4313,,1
224964,509665,Undirected,4314,,1
530116,491463,Undirected,4315,,1
495305,333635,Undirected,4316,,1
308943,73695,Undirected,4317,,1
112337,399102,Undirected,4318,,1
222939,85742,Undirected,4319,,1
222939,161638,Undirected,4320,,1
222939,460690,Undirected,4321,,1
239327,258008,Undirected,4322,,1
278240,216944,Undirected,4323,,1
253667,464737,Undirected,4324,,1
487146,335795,Undirected,4325,,1
128754,497454,Undirected,4326,,1
397050,335795,Undirected,4327,,1
472827,247755,Undirected,4328,,1
472827,317389,Undirected,4329,,1
298749,335717,Undirected,4330,,1
298749,489457,Undirected,4331,,1
399102,258008,Undirected,4332,,1
399102,358149,Undirected,4333,,1
399102,518048,Undirected,4334,,1
290561,307000,Undirected,4335,,1
276228,192366,Undirected,4336,,1
358149,258008,Undirected,4337,,1
476945,477105,Undirected,4338,,1
446241,48978,Undirected,4339,,1
40745,364334,Undirected,4340,,1
448301,1886,Undirected,4341,,1
364334,87937,Undirected,4342,,1
479017,48978,Undirected,4343,,1
1842,159604,Undirected,4344,,1
528189,491463,Undirected,4345,,1
532301,47014,Undirected,4346,,1
48978,57240,Undirected,4347,,1
335717,489457,Undirected,4348,,1
372584,417729,Undirected,4349,,1
229263,518048,Undirected,4350,,1
491407,247762,Undirected,4351,,1
518048,380862,Undirected,4352,,1
380862,247762,Undirected,4353,,1
491463,317389,Undirected,4354,,1
247755,317389,Undirected,4355,,1
